frame,edge_density,f_v,w_v,d_u,P_u,yolo_has_det,yolo_conf,yolo_dist,yolo_is_obst,label
0,0.021790747549019607,0.0,0.043581495098039214,2.573000192642212,0.01372778147714053,0.0,0.0,5.0,0.0,0
1,0.05422794117647059,0.0,0.10845588235294118,1.5240000486373901,0.07886639339758211,0.0,0.0,5.0,0.0,1
2,0.09260110294117647,0.0,0.18520220588235295,1.3250000476837158,0.10988362664363016,0.0,0.0,5.0,0.0,1
3,0.1232766544117647,0.0,0.2465533088235294,2.629000186920166,0.012504496514471854,0.0,0.0,5.0,0.0,0
4,0.04415594362745098,0.0,0.08831188725490197,3.9511001110076904,0.0013806969767710664,0.0,0.0,5.0,0.0,0
5,0.0797717524509804,0.0,0.1595435049019608,1.9570001363754272,0.0383244619309415,0.0,0.0,5.0,0.0,0
6,0.03431372549019608,0.0,0.06862745098039216,4.013000011444092,0.0012453566149042351,0.0,0.0,5.0,0.0,0
7,0.00980392156862745,0.0,0.0196078431372549,3.830000162124634,0.00168948149715158,0.0,0.0,5.0,0.0,0
8,0.048177083333333336,0.0,0.09635416666666667,2.0480000972747803,0.03293124106077095,0.0,0.0,5.0,0.0,0
9,0.08160998774509803,0.0,0.16321997549019607,2.9150002002716064,0.007763409543514415,0.0,0.0,5.0,0.0,0
10,0.028722426470588234,0.0,0.05744485294117647,1.3300000429153442,0.1089717354483652,0.0,0.0,5.0,0.0,1
11,0.023590686274509803,0.0,0.04718137254901961,2.136000156402588,0.028438817301009167,0.0,0.0,5.0,0.0,0
12,0.05621936274509804,0.0,0.11243872549019608,2.630000114440918,0.012483674552671641,0.0,0.0,5.0,0.0,0
13,0.0330499387254902,0.0,0.0660998774509804,1.5720000267028809,0.07280285958735869,0.0,0.0,5.0,0.0,1
14,0.021369485294117647,0.0,0.042738970588235295,1.693000078201294,0.059506674455317494,0.0,0.0,5.0,0.0,1
15,0.07525275735294118,0.0,0.15050551470588236,2.122000217437744,0.029110188987440496,0.0,0.0,5.0,0.0,0
16,0.037722120098039214,0.0,0.07544424019607843,2.2780001163482666,0.022445461163473766,0.0,0.0,5.0,0.0,0
17,0.04496017156862745,0.0,0.0899203431372549,2.6361000537872314,0.012357401426318197,0.0,0.0,5.0,0.0,0
18,0.04526654411764706,0.0,0.09053308823529412,2.1040000915527344,0.02999673251991608,0.0,0.0,5.0,0.0,0
19,0.06150428921568627,0.0,0.12300857843137254,1.2890000343322754,0.1166784532335276,0.0,0.0,5.0,0.0,1
20,0.11006433823529412,0.0,0.22012867647058823,1.4531000852584839,0.0887587312280888,0.0,0.0,5.0,0.0,1
21,0.1470971200980392,0.0,0.2941942401960784,2.7471001148223877,0.010270288217945622,0.0,0.0,5.0,0.0,0
22,0.11420036764705882,0.0,0.22840073529411764,2.002000093460083,0.035555272466588746,0.0,0.0,5.0,0.0,0
23,0.07215073529411764,0.0,0.14430147058823528,1.9440001249313354,0.03916388694432506,0.0,0.0,5.0,0.0,0
24,0.04155177696078431,0.0,0.08310355392156862,2.243000030517578,0.023793725103125357,0.0,0.0,5.0,0.0,0
25,0.058823529411764705,0.0,0.11764705882352941,0.800000011920929,0.2635971328785222,0.0,0.0,5.0,0.0,1
26,0.05935968137254902,0.0,0.11871936274509803,1.5100001096725464,0.08072823817747078,0.0,0.0,5.0,0.0,1
27,0.08459712009803921,0.0,0.16919424019607843,1.2780001163482666,0.11883727080822327,0.0,0.0,5.0,0.0,1
28,0.051470588235294115,0.0,0.10294117647058823,1.7970000505447388,0.05003662287143938,0.0,0.0,5.0,0.0,1
29,0.02382046568627451,0.0,0.04764093137254902,2.0290000438690186,0.03399075375334457,0.0,0.0,5.0,0.0,0
30,0.06100643382352941,0.0,0.12201286764705882,1.2610000371932983,0.12225249661152798,0.0,0.0,5.0,0.0,1
31,0.04572610294117647,0.0,0.09145220588235294,1.8020000457763672,0.04962138397524571,0.0,0.0,5.0,0.0,0
32,0.034428615196078434,0.0,0.06885723039215687,1.5630000829696655,0.0739031269780257,0.0,0.0,5.0,0.0,1
33,0.04744944852941176,0.0,0.09489889705882353,1.8790000677108765,0.04364499001737256,0.0,0.0,5.0,0.0,0
34,0.05024509803921569,0.0,0.10049019607843138,1.5410001277923584,0.0766631946964473,0.0,0.0,5.0,0.0,1
35,0.033471200980392156,0.0,0.06694240196078431,2.3930001258850098,0.01853056879714495,0.0,0.0,5.0,0.0,0
36,0.05675551470588235,0.0,0.1135110294117647,1.5770000219345093,0.07219869053437383,0.0,0.0,5.0,0.0,1
37,0.041283700980392156,0.0,0.08256740196078431,1.7360000610351562,0.0553912613487134,0.0,0.0,5.0,0.0,1
38,0.08237591911764706,0.0,0.16475183823529413,3.2080001831054688,0.004764003123501594,0.0,0.0,5.0,0.0,0
39,0.14656096813725492,0.0,0.29312193627450983,3.218100070953369,0.004684481141727893,0.0,0.0,5.0,0.0,0
40,0.12385110294117647,0.0,0.24770220588235295,2.55400013923645,0.014169452007840137,0.0,0.0,5.0,0.0,0
41,0.08283547794117647,0.0,0.16567095588235295,2.322000026702881,0.020858368496917145,0.0,0.0,5.0,0.0,0
42,0.12787224264705882,0.0,0.25574448529411764,1.097000002861023,0.16068114587572668,0.0,0.0,5.0,0.0,1
43,0.05710018382352941,0.0,0.11420036764705882,2.6410000324249268,0.012256894049906816,0.0,0.0,5.0,0.0,0
44,0.1053921568627451,0.0,0.2107843137254902,2.5860002040863037,0.013433545024906944,0.0,0.0,5.0,0.0,0
45,0.08900122549019608,0.0,0.17800245098039216,2.4120001792907715,0.017952959574835423,0.0,0.0,5.0,0.0,0
46,0.060814950980392156,0.0,0.12162990196078431,2.697000026702881,0.011164680118235374,0.0,0.0,5.0,0.0,0
47,0.05974264705882353,0.0,0.11948529411764706,1.6360000371932983,0.06543704597629948,0.0,0.0,5.0,0.0,1
48,0.04649203431372549,0.0,0.09298406862745098,1.3690000772476196,0.10211386187343084,0.0,0.0,5.0,0.0,1
49,0.0978860294117647,0.0,0.1957720588235294,1.319000005722046,0.11098798321328127,0.0,0.0,5.0,0.0,1
50,0.08249080882352941,0.0,0.16498161764705882,1.1730000972747803,0.14156445374304694,0.0,0.0,5.0,0.0,1
51,0.11722579656862746,0.0,0.23445159313725492,0.8600000143051147,0.23851254816772005,0.0,0.0,5.0,0.0,1
52,0.10627297794117647,0.0,0.21254595588235295,0.9380000233650208,0.20943677560083276,0.0,0.0,5.0,0.0,1
53,0.12415747549019608,0.0,0.24831495098039216,0.9490000605583191,0.20563207153764668,0.0,0.0,5.0,0.0,1
54,0.0953967524509804,0.0,0.1907935049019608,1.349000096321106,0.10557501945680067,0.0,0.0,5.0,0.0,1
55,0.080078125,0.0,0.16015625,1.343000054359436,0.10663607349996844,0.0,0.0,5.0,0.0,1
56,0.057904411764705885,0.0,0.11580882352941177,1.2730000019073486,0.11983174203435286,0.0,0.0,5.0,0.0,1
57,0.06311274509803921,0.0,0.12622549019607843,1.3240001201629639,0.11006690542639472,0.0,0.0,5.0,0.0,1
58,0.08995863970588236,0.0,0.17991727941176472,1.2610000371932983,0.12225249661152798,0.0,0.0,5.0,0.0,1
59,0.009114583333333334,0.0,0.018229166666666668,1.4380000829696655,0.0910208384295125,0.0,0.0,5.0,0.0,1
60,0.012637867647058824,0.0,0.025275735294117647,1.90500009059906,0.04179409777407614,0.0,0.0,5.0,0.0,0
61,0.004557291666666667,0.0,0.009114583333333334,0.9770000576972961,0.19625637682033453,0.0,0.0,5.0,0.0,1
62,0.026845894607843136,0.0,0.05369178921568627,1.027000069618225,0.18056457974144063,0.0,0.0,5.0,0.0,1
63,0.04051776960784314,0.0,0.08103553921568628,1.2890000343322754,0.1166784532335276,0.0,0.0,5.0,0.0,1
64,0.04070925245098039,0.0,0.08141850490196079,1.6800000667572021,0.06081005585936892,0.0,0.0,5.0,0.0,1
65,0.1130514705882353,0.0,0.2261029411764706,1.7980000972747803,0.04995329406617144,0.0,0.0,5.0,0.0,1
66,0.029296875,0.0,0.05859375,2.1460001468658447,0.027968765440542404,0.0,0.0,5.0,0.0,0
67,0.03676470588235294,0.0,0.07352941176470588,1.2340000867843628,0.12787950682958577,0.0,0.0,5.0,0.0,1
68,0.07107843137254902,0.0,0.14215686274509803,2.0,0.035673993347252395,0.0,0.0,5.0,0.0,0
69,0.08459712009803921,0.0,0.16919424019607843,1.2440000772476196,0.12576584649467845,0.0,0.0,5.0,0.0,1
70,0.11760876225490197,0.0,0.23521752450980393,1.3931000232696533,0.09809357861308643,0.0,0.0,5.0,0.0,1
71,0.03592218137254902,0.0,0.07184436274509803,1.4350000619888306,0.09147708547955663,0.0,0.0,5.0,0.0,1
72,0.08176317401960784,0.0,0.16352634803921567,1.0290000438690186,0.17996370755505964,0.0,0.0,5.0,0.0,1
73,0.031020220588235295,0.0,0.06204044117647059,1.1710000038146973,0.14203714472396506,0.0,0.0,5.0,0.0,1
74,0.06165747549019608,0.0,0.12331495098039216,1.249000072479248,0.12472215352979768,0.0,0.0,5.0,0.0,1
75,0.020412071078431373,0.0,0.040824142156862746,1.5260000228881836,0.07860394645311133,0.0,0.0,5.0,0.0,1
76,0.08800551470588236,0.0,0.17601102941176472,0.9730000495910645,0.19756912629570408,0.0,0.0,5.0,0.0,1
77,0.05350030637254902,0.0,0.10700061274509803,2.188000202178955,0.02607790164307761,0.0,0.0,5.0,0.0,0
78,0.022594975490196078,0.0,0.045189950980392156,1.6450001001358032,0.06446280852118909,0.0,0.0,5.0,0.0,1
79,0.004404105392156863,0.0,0.008808210784313725,1.571000099182129,0.0729242900487888,0.0,0.0,5.0,0.0,1
80,0.0899969362745098,0.0,0.1799938725490196,0.9220000505447388,0.21509687930893717,0.0,0.0,5.0,0.0,1
81,0.0489813112745098,0.0,0.0979626225490196,1.3870000839233398,0.09909594006589899,0.0,0.0,5.0,0.0,1
82,0.07651654411764706,0.0,0.15303308823529413,1.2000000476837158,0.1353352724811311,0.0,0.0,5.0,0.0,1
83,0.0330499387254902,0.0,0.0660998774509804,1.592000126838684,0.07041608620207088,0.0,0.0,5.0,0.0,1
84,0.026501225490196078,0.0,0.053002450980392156,1.558000087738037,0.07452155900093996,0.0,0.0,5.0,0.0,1
85,0.09604779411764706,0.0,0.19209558823529413,1.319000005722046,0.11098798321328127,0.0,0.0,5.0,0.0,1
86,0.0332797181372549,0.0,0.0665594362745098,0.8970000147819519,0.22424859920581522,0.0,0.0,5.0,0.0,1
87,0.0977328431372549,0.0,0.1954656862745098,0.8750000596046448,0.23262363480820966,0.0,0.0,5.0,0.0,1
88,0.051508884803921566,0.0,0.10301776960784313,0.7670000195503235,0.27850107325684753,0.0,0.0,5.0,0.0,1
89,0.07199754901960784,0.0,0.14399509803921567,1.253000020980835,0.12389344859466986,0.0,0.0,5.0,0.0,1
90,0.05361519607843137,0.0,0.10723039215686274,1.436000108718872,0.09132474353869482,0.0,0.0,5.0,0.0,1
91,0.04970894607843137,0.0,0.09941789215686274,1.3100000619888306,0.11266534120962392,0.0,0.0,5.0,0.0,1
92,0.062308517156862746,0.0,0.12461703431372549,1.9600000381469727,0.038133324122593654,0.0,0.0,5.0,0.0,0
93,0.004404105392156863,0.0,0.008808210784313725,1.6450001001358032,0.06446280852118909,0.0,0.0,5.0,0.0,1
94,0.1479779411764706,0.0,0.2959558823529412,1.8100000619888306,0.04896415545054126,0.0,0.0,5.0,0.0,0
95,0.029526654411764705,0.0,0.05905330882352941,2.377000093460083,0.019031365931848215,0.0,0.0,5.0,0.0,0
96,0.013020833333333334,0.0,0.026041666666666668,2.0370001792907715,0.033540544149630404,0.0,0.0,5.0,0.0,0
97,0.04396446078431373,0.0,0.08792892156862746,1.287000060081482,0.11706802532142505,0.0,0.0,5.0,0.0,1
98,0.040364583333333336,0.0,0.08072916666666667,1.253000020980835,0.12389344859466986,0.0,0.0,5.0,0.0,1
99,0.07555912990196079,0.0,0.15111825980392157,1.8930001258850098,0.0426383920467614,0.0,0.0,5.0,0.0,0
100,0.0744485294117647,0.0,0.1488970588235294,1.7310000658035278,0.055854783410747975,0.0,0.0,5.0,0.0,1
101,0.10052849264705882,0.0,0.20105698529411764,1.6471000909805298,0.06423758404601715,0.0,0.0,5.0,0.0,1
102,0.06694240196078431,0.0,0.13388480392156862,1.7970000505447388,0.05003662287143938,0.0,0.0,5.0,0.0,1
103,0.12871476715686275,0.0,0.2574295343137255,1.5430001020431519,0.07640807942700649,0.0,0.0,5.0,0.0,1
104,0.05614276960784314,0.0,0.11228553921568628,1.3510000705718994,0.1052236931177199,0.0,0.0,5.0,0.0,1
105,0.05660232843137255,0.0,0.1132046568627451,1.380000114440918,0.10025882459994871,0.0,0.0,5.0,0.0,1
106,0.06927849264705882,0.0,0.13855698529411764,2.9190001487731934,0.007711826279274262,0.0,0.0,5.0,0.0,0
107,0.08792892156862746,0.0,0.17585784313725492,3.1311001777648926,0.005415444601958531,0.0,0.0,5.0,0.0,0
108,0.07111672794117647,0.0,0.14223345588235295,3.388000249862671,0.0035292599246020437,0.0,0.0,5.0,0.0,0
109,0.002642463235294118,0.0,0.005284926470588236,1.9570001363754272,0.0383244619309415,0.0,0.0,5.0,0.0,0
110,0.02653952205882353,0.0,0.05307904411764706,1.9250000715255737,0.04042392555724757,0.0,0.0,5.0,0.0,0
111,0.07877604166666667,0.0,0.15755208333333334,1.8560000658035278,0.04535052875755781,0.0,0.0,5.0,0.0,0
112,0.03867953431372549,0.0,0.07735906862745098,1.184000015258789,0.13899277039308286,0.0,0.0,5.0,0.0,1
113,0.09271599264705882,0.0,0.18543198529411764,1.9220000505447388,0.04062655274795378,0.0,0.0,5.0,0.0,0
114,0.09428615196078431,0.0,0.18857230392156862,2.7041001319885254,0.011033341409217948,0.0,0.0,5.0,0.0,0
115,0.09612438725490197,0.0,0.19224877450980393,1.1570000648498535,0.14539029814029356,0.0,0.0,5.0,0.0,1
116,0.05422794117647059,0.0,0.10845588235294118,1.7950000762939453,0.05020368775019938,0.0,0.0,5.0,0.0,1
117,0.11967677696078431,0.0,0.23935355392156862,1.4800000190734863,0.08486727627215931,0.0,0.0,5.0,0.0,1
118,0.07253370098039216,0.0,0.14506740196078433,2.6720001697540283,0.01163969992958147,0.0,0.0,5.0,0.0,0
119,0.06498927696078431,0.0,0.12997855392156862,1.311000108718872,0.11247771327353753,0.0,0.0,5.0,0.0,1
120,0.05943627450980392,0.0,0.11887254901960784,2.8010001182556152,0.009387901150206554,0.0,0.0,5.0,0.0,0
121,0.0842907475490196,0.0,0.1685814950980392,1.9580000638961792,0.038260645648421354,0.0,0.0,5.0,0.0,0
122,0.07467830882352941,0.0,0.14935661764705882,1.537000060081482,0.07717599878921773,0.0,0.0,5.0,0.0,1
123,0.13863357843137256,0.0,0.2772671568627451,1.7970000505447388,0.05003662287143938,0.0,0.0,5.0,0.0,1
124,0.07456341911764706,0.0,0.14912683823529413,2.6221001148223877,0.012649129782940173,0.0,0.0,5.0,0.0,0
125,0.02263327205882353,0.0,0.04526654411764706,2.065999984741211,0.03195798179554344,0.0,0.0,5.0,0.0,0
126,0.07666973039215687,0.0,0.15333946078431374,2.184000015258789,0.026252343298056334,0.0,0.0,5.0,0.0,0
127,0.15939031862745098,0.0,0.31878063725490197,1.4100000858306885,0.0953691485728825,0.0,0.0,5.0,0.0,1
128,0.0760952818627451,0.0,0.1521905637254902,1.5430001020431519,0.07640807942700649,0.0,0.0,5.0,0.0,1
129,0.038449754901960786,0.0,0.07689950980392157,2.0250000953674316,0.03421811287284302,0.0,0.0,5.0,0.0,0
130,0.04729626225490196,0.0,0.09459252450980392,2.169100046157837,0.026912437366484087,0.0,0.0,5.0,0.0,0
131,0.08769914215686274,0.0,0.17539828431372548,2.1750001907348633,0.026649088864836933,0.0,0.0,5.0,0.0,0
132,0.0508578431372549,0.0,0.1017156862745098,1.571000099182129,0.0729242900487888,0.0,0.0,5.0,0.0,1
133,0.007659313725490196,0.0,0.015318627450980392,1.034000039100647,0.17847024282879134,0.0,0.0,5.0,0.0,1
134,0.05706188725490196,0.0,0.11412377450980392,1.79610013961792,0.05011172668575137,0.0,0.0,5.0,0.0,1
135,0.07892922794117647,0.0,0.15785845588235295,1.6250001192092896,0.06664778061474266,0.0,0.0,5.0,0.0,1
136,0.03377757352941176,0.0,0.06755514705882353,1.65500009059906,0.06339733302143184,0.0,0.0,5.0,0.0,1
137,0.0314031862745098,0.0,0.0628063725490196,1.4700000286102295,0.08629358238457176,0.0,0.0,5.0,0.0,1
138,0.024050245098039217,0.0,0.048100490196078434,2.497000217437744,0.015581561341875178,0.0,0.0,5.0,0.0,0
139,0.031479779411764705,0.0,0.06295955882352941,2.38100004196167,0.018904913762577587,0.0,0.0,5.0,0.0,0
140,0.015395220588235295,0.0,0.03079044117647059,2.305999994277954,0.02142207548790008,0.0,0.0,5.0,0.0,0
141,0.03795189950980392,0.0,0.07590379901960784,1.3401000499725342,0.10715272954975642,0.0,0.0,5.0,0.0,1
142,0.027573529411764705,0.0,0.05514705882352941,1.4970000982284546,0.08249643788591453,0.0,0.0,5.0,0.0,1
143,0.056832107843137254,0.0,0.11366421568627451,1.0190000534057617,0.18298823417324675,0.0,0.0,5.0,0.0,1
144,0.016161151960784315,0.0,0.03232230392156863,1.6790001392364502,0.060911483099788416,0.0,0.0,5.0,0.0,1
145,0.008884803921568627,0.0,0.017769607843137254,2.1070001125335693,0.029847122148625536,0.0,0.0,5.0,0.0,0
146,0.030675551470588234,0.0,0.06135110294117647,1.4480000734329224,0.08951639772116002,0.0,0.0,5.0,0.0,1
147,0.0004978553921568627,0.0,0.0009957107843137254,0.9240000247955322,0.2143810925674889,0.0,0.0,5.0,0.0,1
148,0.01799938725490196,0.0,0.03599877450980392,1.6220000982284546,0.06698185634753227,0.0,0.0,5.0,0.0,1
149,0.025926776960784315,0.0,0.05185355392156863,2.365000009536743,0.019415827741946085,0.0,0.0,5.0,0.0,0
150,0.07513786764705882,0.0,0.15027573529411764,1.3000000715255737,0.1145588303362101,0.0,0.0,5.0,0.0,1
151,0.07126991421568628,0.0,0.14253982843137256,1.4030001163482666,0.09648829944654232,0.0,0.0,5.0,0.0,1
152,0.03213082107843137,0.0,0.06426164215686274,1.6750000715255737,0.06131892317522445,0.0,0.0,5.0,0.0,1
153,0.00666360294117647,0.0,0.01332720588235294,1.5170000791549683,0.07979188549218595,0.0,0.0,5.0,0.0,1
154,0.01796109068627451,0.0,0.03592218137254902,2.243000030517578,0.023793725103125357,0.0,0.0,5.0,0.0,0
155,0.04771752450980392,0.0,0.09543504901960784,1.7730001211166382,0.05207865006331293,0.0,0.0,5.0,0.0,1
156,0.031020220588235295,0.0,0.06204044117647059,1.5180001258850098,0.0796590035727722,0.0,0.0,5.0,0.0,1
157,0.08505667892156862,0.0,0.17011335784313725,1.3530000448226929,0.10487353590176277,0.0,0.0,5.0,0.0,1
158,0.041015625,0.0,0.08203125,1.1910001039505005,0.1373805903156503,0.0,0.0,5.0,0.0,1
159,0.1897594975490196,1.0,0.3795189950980392,0.9160000681877136,0.21725863249679403,0.0,0.0,5.0,0.0,1
160,0.0724188112745098,0.0,0.1448376225490196,2.2860000133514404,0.022148178464187165,0.0,0.0,5.0,0.0,0
161,0.06989123774509803,0.0,0.13978247549019607,1.2390000820159912,0.12681827323278325,0.0,0.0,5.0,0.0,1
162,0.03209252450980392,0.0,0.06418504901960784,1.1330000162124634,0.1513238010341185,0.0,0.0,5.0,0.0,1
163,0.017386642156862746,0.0,0.03477328431372549,1.9570001363754272,0.0383244619309415,0.0,0.0,5.0,0.0,0
164,0.06659773284313726,0.0,0.13319546568627452,0.9970000386238098,0.18982233351718047,0.0,0.0,5.0,0.0,1
165,0.11848958333333333,0.0,0.23697916666666666,1.628000020980835,0.06631538427892707,0.0,0.0,5.0,0.0,1
166,0.017003676470588234,0.0,0.03400735294117647,2.438000202178955,0.017191612313487665,0.0,0.0,5.0,0.0,0
167,0.05618106617647059,0.0,0.11236213235294118,1.2050000429153442,0.1342121657257947,0.0,0.0,5.0,0.0,1
168,0.02033547794117647,0.0,0.04067095588235294,1.7320001125335693,0.055761765295155405,0.0,0.0,5.0,0.0,1
169,0.01011029411764706,0.0,0.02022058823529412,2.0190000534057617,0.03456201304165291,0.0,0.0,5.0,0.0,0
170,0.018152573529411766,0.0,0.03630514705882353,1.0950000286102295,0.16121763644232062,0.0,0.0,5.0,0.0,1
171,0.09064797794117647,0.0,0.18129595588235295,1.91100013256073,0.04137823665908726,0.0,0.0,5.0,0.0,0
172,0.09072457107843138,0.0,0.18144914215686275,2.9491000175476074,0.007334495160139439,0.0,0.0,5.0,0.0,0
173,0.09394148284313726,0.0,0.18788296568627452,2.259000062942505,0.023167609804925906,0.0,0.0,5.0,0.0,0
174,0.03435202205882353,0.0,0.06870404411764706,2.001000165939331,0.03561457636160554,0.0,0.0,5.0,0.0,0
175,0.06721047794117647,0.0,0.13442095588235295,1.6290000677108765,0.06620494553574799,0.0,0.0,5.0,0.0,1
176,0.009842218137254902,0.0,0.019684436274509803,1.593000054359436,0.07029883229622004,0.0,0.0,5.0,0.0,1
177,0.0350030637254902,0.0,0.0700061274509804,1.6690000295639038,0.06193519293006345,0.0,0.0,5.0,0.0,1
178,0.026769301470588234,0.0,0.05353860294117647,1.2990000247955322,0.114749929855136,0.0,0.0,5.0,0.0,1
179,0.05545343137254902,0.0,0.11090686274509803,1.284000039100647,0.11765483535447863,0.0,0.0,5.0,0.0,1
180,0.05847886029411765,0.0,0.1169577205882353,1.2540000677108765,0.12368712185918163,0.0,0.0,5.0,0.0,1
181,0.02217371323529412,0.0,0.04434742647058824,1.6510000228881836,0.06382140107615937,0.0,0.0,5.0,0.0,1
182,0.02611825980392157,0.0,0.05223651960784314,1.8000000715255737,0.04978706243278325,0.0,0.0,5.0,0.0,0
183,0.05801930147058824,0.0,0.11603860294117647,1.8290001153945923,0.04743791262116912,0.0,0.0,5.0,0.0,0
184,0.03044577205882353,0.0,0.06089154411764706,2.751000165939331,0.010203746965743523,0.0,0.0,5.0,0.0,0
185,0.03864123774509804,0.0,0.07728247549019608,1.9970000982284546,0.03585280411343392,0.0,0.0,5.0,0.0,0
186,0.083984375,0.0,0.16796875,1.0260000228881836,0.18086578571763978,0.0,0.0,5.0,0.0,1
187,0.027535232843137254,0.0,0.05507046568627451,2.7080001831054688,0.010961856331315278,0.0,0.0,5.0,0.0,0
188,0.04262408088235294,0.0,0.08524816176470588,2.3630001544952393,0.019480650446936094,0.0,0.0,5.0,0.0,0
189,0.04783241421568627,0.0,0.09566482843137254,1.633100152015686,0.06575407802242872,0.0,0.0,5.0,0.0,1
190,0.028760723039215685,0.0,0.05752144607843137,1.2140001058578491,0.13221399302666473,0.0,0.0,5.0,0.0,1
191,0.11902573529411764,0.0,0.23805147058823528,1.0740000009536743,0.16696016940166464,0.0,0.0,5.0,0.0,1
192,0.05464920343137255,0.0,0.1092984068627451,2.694000244140625,0.011220639243898357,0.0,0.0,5.0,0.0,0
193,0.06801470588235294,0.0,0.13602941176470587,1.8990000486373901,0.042214138392130465,0.0,0.0,5.0,0.0,0
194,0.021178002450980393,0.0,0.042356004901960786,0.7390000224113464,0.29180581822159524,0.0,0.0,5.0,0.0,1
195,0.060776654411764705,0.0,0.12155330882352941,0.8400000333786011,0.24659695022317069,0.0,0.0,5.0,0.0,1
196,0.031135110294117647,0.0,0.062270220588235295,1.8021000623703003,0.04961311306160296,0.0,0.0,5.0,0.0,0
197,0.0293734681372549,0.0,0.0587469362745098,1.699100136756897,0.058904749125468094,0.0,0.0,5.0,0.0,1
198,0.003791360294117647,0.0,0.007582720588235294,2.0970001220703125,0.03034874226215415,0.0,0.0,5.0,0.0,0
199,0.0389093137254902,0.0,0.0778186274509804,2.063000202178955,0.03211816020641535,0.0,0.0,5.0,0.0,0
200,0.01953125,0.0,0.0390625,2.138000011444092,0.028344185909249968,0.0,0.0,5.0,0.0,0
201,0.026309742647058824,0.0,0.05261948529411765,1.627000093460083,0.06642599405110562,0.0,0.0,5.0,0.0,1
202,0.08754595588235294,0.0,0.17509191176470587,0.968000054359436,0.19922241323276138,0.0,0.0,5.0,0.0,1
203,0.10244332107843138,0.0,0.20488664215686275,1.1120001077651978,0.15671388684876267,0.0,0.0,5.0,0.0,1
204,0.03894761029411765,0.0,0.0778952205882353,1.7391000986099243,0.055105807761943265,0.0,0.0,5.0,0.0,1
205,0.03155637254901961,0.0,0.06311274509803921,1.2570000886917114,0.12307022546178485,0.0,0.0,5.0,0.0,1
206,0.04718137254901961,0.0,0.09436274509803921,1.6090000867843628,0.06844896750390804,0.0,0.0,5.0,0.0,1
207,0.05235140931372549,0.0,0.10470281862745098,2.6110000610351562,0.012885317831590455,0.0,0.0,5.0,0.0,0
208,0.05863204656862745,0.0,0.1172640931372549,1.7310000658035278,0.055854783410747975,0.0,0.0,5.0,0.0,1
209,0.028301164215686275,0.0,0.05660232843137255,2.136000156402588,0.028438817301009167,0.0,0.0,5.0,0.0,0
210,0.15636488970588236,0.0,0.3127297794117647,2.264000177383423,0.02297534420869856,0.0,0.0,5.0,0.0,0
211,0.054457720588235295,0.0,0.10891544117647059,1.6070001125335693,0.06867750847652061,0.0,0.0,5.0,0.0,1
212,0.04396446078431373,0.0,0.08792892156862746,1.7610000371932983,0.05313071601288773,0.0,0.0,5.0,0.0,1
213,0.05215992647058824,0.0,0.10431985294117647,1.9350000619888306,0.03975577746886416,0.0,0.0,5.0,0.0,0
214,0.015893075980392156,0.0,0.03178615196078431,2.2330000400543213,0.02419360992378128,0.0,0.0,5.0,0.0,0
215,0.03308823529411765,0.0,0.0661764705882353,1.4480000734329224,0.08951639772116002,0.0,0.0,5.0,0.0,1
216,0.030330882352941176,0.0,0.06066176470588235,1.7610000371932983,0.05313071601288773,0.0,0.0,5.0,0.0,1
217,0.03308823529411765,0.0,0.0661764705882353,2.4640002250671387,0.016462552188416548,0.0,0.0,5.0,0.0,0
218,0.05227481617647059,0.0,0.10454963235294118,1.9180001020431519,0.04089829774449197,0.0,0.0,5.0,0.0,0
219,0.025658700980392156,0.0,0.05131740196078431,1.6191000938415527,0.0673063861259847,0.0,0.0,5.0,0.0,1
220,0.03182444852941176,0.0,0.06364889705882353,2.445000171661377,0.01699220981545815,0.0,0.0,5.0,0.0,0
221,0.05472579656862745,0.0,0.1094515931372549,1.725000023841858,0.056416137262001405,0.0,0.0,5.0,0.0,1
222,0.004097732843137255,0.0,0.00819546568627451,1.471000075340271,0.08614987282325957,0.0,0.0,5.0,0.0,1
223,0.034964767156862746,0.0,0.06992953431372549,1.6690000295639038,0.06193519293006345,0.0,0.0,5.0,0.0,1
224,0.0013020833333333333,0.0,0.0026041666666666665,2.614000082015991,0.012821051592469216,0.0,0.0,5.0,0.0,0
225,0.05028339460784314,0.0,0.10056678921568628,1.3900001049041748,0.09860169355498981,0.0,0.0,5.0,0.0,1
226,0.09888174019607843,0.0,0.19776348039215685,0.8020000457763672,0.26271992374749137,0.0,0.0,5.0,0.0,1
227,0.03224571078431373,0.0,0.06449142156862746,1.3530000448226929,0.10487353590176277,0.0,0.0,5.0,0.0,1
228,0.07900582107843138,0.0,0.15801164215686275,1.0350000858306885,0.17817302628504075,0.0,0.0,5.0,0.0,1
229,0.019684436274509803,0.0,0.03936887254901961,1.890100121498108,0.042844976765057476,0.0,0.0,5.0,0.0,0
230,0.04392616421568627,0.0,0.08785232843137254,1.2170000076293945,0.13155459452276475,0.0,0.0,5.0,0.0,1
231,0.024433210784313725,0.0,0.04886642156862745,2.1090002059936523,0.02974779274100167,0.0,0.0,5.0,0.0,0
232,0.048177083333333336,0.0,0.09635416666666667,1.6370000839233398,0.06532806997934866,0.0,0.0,5.0,0.0,1
233,0.04155177696078431,0.0,0.08310355392156862,1.66100013256073,0.06276651462836282,0.0,0.0,5.0,0.0,1
234,0.05943627450980392,0.0,0.11887254901960784,1.2910000085830688,0.1162901775407069,0.0,0.0,5.0,0.0,1
235,0.028416053921568627,0.0,0.056832107843137254,1.0870000123977661,0.16338160370327648,0.0,0.0,5.0,0.0,1
236,0.020450367647058824,0.0,0.04090073529411765,2.0250000953674316,0.03421811287284302,0.0,0.0,5.0,0.0,0
237,0.06104473039215686,0.0,0.12208946078431372,2.627000093460083,0.012546249670486868,0.0,0.0,5.0,0.0,0
238,0.05579810049019608,0.0,0.11159620098039216,1.7260000705718994,0.056322184292234595,0.0,0.0,5.0,0.0,1
239,0.061772365196078434,0.0,0.12354473039215687,1.7661000490188599,0.05268101780897605,0.0,0.0,5.0,0.0,1
240,0.03216911764705882,0.0,0.06433823529411764,1.4310001134872437,0.09208896216107537,0.0,0.0,5.0,0.0,1
241,0.059206495098039214,0.0,0.11841299019607843,1.662000060081482,0.06266199846744329,0.0,0.0,5.0,0.0,1
242,0.14717371323529413,0.0,0.29434742647058826,1.5890001058578491,0.07076905077765237,0.0,0.0,5.0,0.0,1
243,0.045611213235294115,0.0,0.09122242647058823,1.686000108718872,0.06020498148334309,0.0,0.0,5.0,0.0,1
244,0.024854473039215685,0.0,0.04970894607843137,1.467000126838684,0.08672611656801833,0.0,0.0,5.0,0.0,1
245,0.020067401960784315,0.0,0.04013480392156863,1.499000072479248,0.08222191109294033,0.0,0.0,5.0,0.0,1
246,0.04967064950980392,0.0,0.09934129901960784,2.0889999866485596,0.030756108796403364,0.0,0.0,5.0,0.0,0
247,0.03477328431372549,0.0,0.06954656862745098,1.2690000534057617,0.12063327881563755,0.0,0.0,5.0,0.0,1
248,0.014399509803921568,0.0,0.028799019607843136,2.2690000534057617,0.022784683258575224,0.0,0.0,5.0,0.0,0
249,0.01803768382352941,0.0,0.03607536764705882,1.3700001239776611,0.10194380590996047,0.0,0.0,5.0,0.0,1
250,0.044692095588235295,0.0,0.08938419117647059,1.3580000400543213,0.10400322194393104,0.0,0.0,5.0,0.0,1
251,0.048560049019607844,0.0,0.09712009803921569,2.0199999809265137,0.03450446183081776,0.0,0.0,5.0,0.0,0
252,0.06368719362745098,0.0,0.12737438725490197,1.66100013256073,0.06276651462836282,0.0,0.0,5.0,0.0,1
253,0.07368259803921569,0.0,0.14736519607843138,1.4270000457763672,0.09270495001394485,0.0,0.0,5.0,0.0,1
254,0.016697303921568627,0.0,0.033394607843137254,1.977000117301941,0.037068037800277495,0.0,0.0,5.0,0.0,0
255,0.004825367647058824,0.0,0.009650735294117647,1.2980000972747803,0.11494132531694011,0.0,0.0,5.0,0.0,1
256,0.005208333333333333,0.0,0.010416666666666666,2.125,0.028965011810970165,0.0,0.0,5.0,0.0,0
257,0.12251072303921569,0.0,0.24502144607843138,0.9170000553131104,0.2168968410106,0.0,0.0,5.0,0.0,1
258,0.044692095588235295,0.0,0.08938419117647059,2.507000207901001,0.015324021029273447,0.0,0.0,5.0,0.0,0
259,0.036496629901960786,0.0,0.07299325980392157,2.200000047683716,0.025561531175059337,0.0,0.0,5.0,0.0,0
260,0.011412377450980392,0.0,0.022824754901960783,2.2660000324249268,0.022898892759413477,0.0,0.0,5.0,0.0,0
261,0.019837622549019607,0.0,0.039675245098039214,2.3540000915527344,0.019775064850383623,0.0,0.0,5.0,0.0,0
262,0.047602634803921566,0.0,0.09520526960784313,0.9790000319480896,0.19560328639473662,0.0,0.0,5.0,0.0,1
263,0.03121170343137255,0.0,0.0624234068627451,1.6131000518798828,0.06798283130683741,0.0,0.0,5.0,0.0,1
264,0.0,0.0,0.0,1.2980000972747803,0.11494132531694011,0.0,0.0,5.0,0.0,1
265,0.009842218137254902,0.0,0.019684436274509803,1.3620001077651978,0.10331216152733932,0.0,0.0,5.0,0.0,1
266,0.009152879901960785,0.0,0.01830575980392157,1.7950000762939453,0.05020368775019938,0.0,0.0,5.0,0.0,1
267,0.011412377450980392,0.0,0.022824754901960783,1.3310000896453857,0.10879025868191326,0.0,0.0,5.0,0.0,1
268,0.05028339460784314,0.0,0.10056678921568628,1.7091001272201538,0.05793114018021242,0.0,0.0,5.0,0.0,1
269,0.03764552696078431,0.0,0.07529105392156862,1.4490001201629639,0.08936732102401446,0.0,0.0,5.0,0.0,1
270,0.04113051470588235,0.0,0.0822610294117647,0.9590000510215759,0.20223327556189155,0.0,0.0,5.0,0.0,1
271,0.026041666666666668,0.0,0.052083333333333336,1.1410000324249268,0.14931953773997217,0.0,0.0,5.0,0.0,1
272,0.014782475490196078,0.0,0.029564950980392156,1.3990000486373901,0.09713371469510537,0.0,0.0,5.0,0.0,1
273,0.038832720588235295,0.0,0.07766544117647059,2.374000072479248,0.0191267617193902,0.0,0.0,5.0,0.0,0
274,0.008348651960784314,0.0,0.016697303921568627,1.6871000528335571,0.06009471239732344,0.0,0.0,5.0,0.0,1
275,0.04247089460784314,0.0,0.08494178921568628,0.9740000367164612,0.19724012290004095,0.0,0.0,5.0,0.0,1
276,0.01876531862745098,0.0,0.03753063725490196,1.415000081062317,0.0945777086692327,0.0,0.0,5.0,0.0,1
277,0.008769914215686275,0.0,0.01753982843137255,1.9160001277923584,0.04103485110804986,0.0,0.0,5.0,0.0,0
278,0.003753063725490196,0.0,0.007506127450980392,2.1520001888275146,0.0276904696380145,0.0,0.0,5.0,0.0,0
279,0.012408088235294117,0.0,0.024816176470588234,1.9270000457763672,0.04028940519579866,0.0,0.0,5.0,0.0,0
280,0.021292892156862746,0.0,0.04258578431372549,1.1490000486373901,0.1473418206422921,0.0,0.0,5.0,0.0,1
281,0.056832107843137254,0.0,0.11366421568627451,2.1720001697540283,0.026782668915193868,0.0,0.0,5.0,0.0,0
282,0.060278799019607844,0.0,0.12055759803921569,1.121000051498413,0.15438073551383147,0.0,0.0,5.0,0.0,1
283,0.029947916666666668,0.0,0.059895833333333336,1.6970000267028809,0.059111287802677756,0.0,0.0,5.0,0.0,1
284,0.06690410539215687,0.0,0.13380821078431374,2.0940001010894775,0.03050086703235586,0.0,0.0,5.0,0.0,0
285,0.025390625,0.0,0.05078125,2.017000198364258,0.034677403598524184,0.0,0.0,5.0,0.0,0
286,0.04197303921568627,0.0,0.08394607843137254,2.3340001106262207,0.02044534226828573,0.0,0.0,5.0,0.0,0
287,0.040824142156862746,0.0,0.08164828431372549,1.0530000925064087,0.17290721563333838,0.0,0.0,5.0,0.0,1
288,0.03622855392156863,0.0,0.07245710784313726,1.6470000743865967,0.0642482929791495,0.0,0.0,5.0,0.0,1
289,0.025237438725490197,0.0,0.05047487745098039,2.122000217437744,0.029110188987440496,0.0,0.0,5.0,0.0,0
290,0.0525811887254902,0.0,0.1051623774509804,1.2340000867843628,0.12787950682958577,0.0,0.0,5.0,0.0,1
291,0.04572610294117647,0.0,0.09145220588235294,1.3690000772476196,0.10211386187343084,0.0,0.0,5.0,0.0,1
292,0.04637714460784314,0.0,0.09275428921568628,0.8170000314712524,0.2562333518273352,0.0,0.0,5.0,0.0,1
293,0.025160845588235295,0.0,0.05032169117647059,1.4840000867843628,0.08430336667205808,0.0,0.0,5.0,0.0,1
294,0.004787071078431373,0.0,0.009574142156862746,1.9270000457763672,0.04028940519579866,0.0,0.0,5.0,0.0,0
295,0.046645220588235295,0.0,0.09329044117647059,2.369000196456909,0.019286813387469855,0.0,0.0,5.0,0.0,0
296,0.025045955882352942,0.0,0.050091911764705885,1.1800000667572021,0.13992247245625386,0.0,0.0,5.0,0.0,1
297,0.045113357843137254,0.0,0.09022671568627451,0.7670000195503235,0.27850107325684753,0.0,0.0,5.0,0.0,1
298,0.0487515318627451,0.0,0.0975030637254902,1.8100000619888306,0.04896415545054126,0.0,0.0,5.0,0.0,0
299,0.03370098039215686,0.0,0.06740196078431372,0.718000054359436,0.30219984040150455,0.0,0.0,5.0,0.0,1
300,0.04400275735294118,0.0,0.08800551470588236,0.9550000429153442,0.20358600422578196,0.0,0.0,5.0,0.0,1
301,0.005859375,0.0,0.01171875,2.2380001544952393,0.023992829658745114,0.0,0.0,5.0,0.0,0
302,0.009842218137254902,0.0,0.019684436274509803,2.2920000553131104,0.021927798872770254,0.0,0.0,5.0,0.0,0
303,0.04599417892156863,0.0,0.09198835784313726,0.8630000352859497,0.2373229535722042,0.0,0.0,5.0,0.0,1
304,0.00015318627450980392,0.0,0.00030637254901960784,1.6500000953674316,0.06392785104564848,0.0,0.0,5.0,0.0,1
305,0.007161458333333333,0.0,0.014322916666666666,1.871000051498413,0.04423082126751702,0.0,0.0,5.0,0.0,0
306,0.013671875,0.0,0.02734375,1.6110000610351562,0.06822118705649974,0.0,0.0,5.0,0.0,1
307,0.028454350490196078,0.0,0.056908700980392156,1.7010000944137573,0.05871851659414526,0.0,0.0,5.0,0.0,1
308,0.04446231617647059,0.0,0.08892463235294118,1.4720001220703125,0.0860064025895711,0.0,0.0,5.0,0.0,1
309,0.056832107843137254,0.0,0.11366421568627451,1.4840000867843628,0.08430336667205808,0.0,0.0,5.0,0.0,1
310,0.07793351715686274,0.0,0.15586703431372548,0.7760000228881836,0.2743547309313248,0.0,0.0,5.0,0.0,1
311,0.01949295343137255,0.0,0.0389859068627451,1.2041001319885254,0.1344136150841772,0.0,0.0,5.0,0.0,1
312,0.009918811274509803,0.0,0.019837622549019607,1.6410000324249268,0.06489400359689695,0.0,0.0,5.0,0.0,1
313,0.03170955882352941,0.0,0.06341911764705882,0.7150000333786011,0.3037146340255356,0.0,0.0,5.0,0.0,1
314,0.09133731617647059,0.0,0.18267463235294118,1.0110000371932983,0.18544442046048776,0.0,0.0,5.0,0.0,1
315,0.04997702205882353,0.0,0.09995404411764706,1.3910000324249268,0.09843750616093822,0.0,0.0,5.0,0.0,1
316,0.015318627450980392,0.0,0.030637254901960783,1.8840000629425049,0.04328279336141994,0.0,0.0,5.0,0.0,0
317,0.046147365196078434,0.0,0.09229473039215687,1.8921000957489014,0.04270239977182254,0.0,0.0,5.0,0.0,0
318,0.013863357843137254,0.0,0.02772671568627451,1.6460000276565552,0.06435546776300588,0.0,0.0,5.0,0.0,1
319,0.027688419117647058,0.0,0.055376838235294115,2.4850001335144043,0.015896331984145452,0.0,0.0,5.0,0.0,0
320,0.017731311274509803,0.0,0.03546262254901961,1.9160001277923584,0.04103485110804986,0.0,0.0,5.0,0.0,0
321,0.10818780637254902,0.0,0.21637561274509803,0.9660000205039978,0.19988760724431925,0.0,0.0,5.0,0.0,1
322,0.023973651960784315,0.0,0.04794730392156863,1.2610000371932983,0.12225249661152798,0.0,0.0,5.0,0.0,1
323,0.05633425245098039,0.0,0.11266850490196079,2.2700002193450928,0.022746734123333612,0.0,0.0,5.0,0.0,0
324,0.029871323529411766,0.0,0.05974264705882353,1.2300000190734863,0.1287348994954319,0.0,0.0,5.0,0.0,1
325,0.028186274509803922,0.0,0.056372549019607844,2.4740002155303955,0.01619045039169655,0.0,0.0,5.0,0.0,0
326,0.04204963235294118,0.0,0.08409926470588236,1.1340000629425049,0.15107179298830822,0.0,0.0,5.0,0.0,1
327,0.08314185049019608,0.0,0.16628370098039216,1.6360000371932983,0.06543704597629948,0.0,0.0,5.0,0.0,1
328,0.04331341911764706,0.0,0.08662683823529412,1.4660000801086426,0.08687078738130982,0.0,0.0,5.0,0.0,1
329,0.07506127450980392,0.0,0.15012254901960784,1.3320000171661377,0.1086091057176265,0.0,0.0,5.0,0.0,1
330,0.10098805147058823,0.0,0.20197610294117646,0.9220000505447388,0.21509687930893717,0.0,0.0,5.0,0.0,1
331,0.09428615196078431,0.0,0.18857230392156862,1.4690001010894775,0.08643751449914538,0.0,0.0,5.0,0.0,1
332,0.024739583333333332,0.0,0.049479166666666664,1.9660000801086426,0.03775388856751654,0.0,0.0,5.0,0.0,0
333,0.0233609068627451,0.0,0.0467218137254902,1.8540000915527344,0.045501947461574856,0.0,0.0,5.0,0.0,0
334,0.06043198529411765,0.0,0.1208639705882353,2.202000141143799,0.025476463953605463,0.0,0.0,5.0,0.0,0
335,0.04584099264705882,0.0,0.09168198529411764,2.2860000133514404,0.022148178464187165,0.0,0.0,5.0,0.0,0
336,0.0313265931372549,0.0,0.0626531862745098,2.0260000228881836,0.03416113431010848,0.0,0.0,5.0,0.0,0
337,0.027688419117647058,0.0,0.055376838235294115,1.3990000486373901,0.09713371469510537,0.0,0.0,5.0,0.0,1
338,0.05966605392156863,0.0,0.11933210784313726,1.8030000925064087,0.049538746690690694,0.0,0.0,5.0,0.0,0
339,0.06089154411764706,0.0,0.12178308823529412,1.9620001316070557,0.03800641873865196,0.0,0.0,5.0,0.0,0
340,0.013135723039215686,0.0,0.026271446078431373,1.068000078201294,0.16863812528906139,0.0,0.0,5.0,0.0,1
341,0.04595588235294118,0.0,0.09191176470588236,2.633000135421753,0.012421411531735767,0.0,0.0,5.0,0.0,0
342,0.12538296568627452,0.0,0.25076593137254904,1.186000108718872,0.13853021090482137,0.0,0.0,5.0,0.0,1
343,0.023246017156862746,0.0,0.04649203431372549,1.0810000896453857,0.1650235948728392,0.0,0.0,5.0,0.0,1
344,0.01834405637254902,0.0,0.03668811274509804,1.037000060081482,0.17758011256956385,0.0,0.0,5.0,0.0,1
345,0.19508272058823528,1.0,0.39016544117647056,0.7610000371932983,0.2813000473045827,0.0,0.0,5.0,0.0,1
346,0.07483149509803921,0.0,0.14966299019607843,1.499000072479248,0.08222191109294033,0.0,0.0,5.0,0.0,1
347,0.07525275735294118,0.0,0.15050551470588236,2.366000175476074,0.01938348961968891,0.0,0.0,5.0,0.0,0
348,0.04928768382352941,0.0,0.09857536764705882,2.2139999866485596,0.024972002597963148,0.0,0.0,5.0,0.0,0
349,0.09340533088235294,0.0,0.18681066176470587,0.9010000228881836,0.22275857778152047,0.0,0.0,5.0,0.0,1
350,0.09712009803921569,0.0,0.19424019607843138,0.7900000214576721,0.2680272291223717,0.0,0.0,5.0,0.0,1
351,0.030292585784313725,0.0,0.06058517156862745,2.2160000801086426,0.024888897291766937,0.0,0.0,5.0,0.0,0
352,0.012293198529411764,0.0,0.02458639705882353,1.2880001068115234,0.11687306534760394,0.0,0.0,5.0,0.0,1
353,0.029794730392156864,0.0,0.05958946078431373,0.7320000529289246,0.2952301408803233,0.0,0.0,5.0,0.0,1
354,0.030407475490196078,0.0,0.060814950980392156,2.365000009536743,0.019415827741946085,0.0,0.0,5.0,0.0,0
355,0.014514399509803922,0.0,0.029028799019607844,1.0480000972747803,0.17435412814588191,0.0,0.0,5.0,0.0,1
356,0.04970894607843137,0.0,0.09941789215686274,1.287000060081482,0.11706802532142505,0.0,0.0,5.0,0.0,1
357,0.021484375,0.0,0.04296875,1.9540001153945923,0.038516565442645145,0.0,0.0,5.0,0.0,0
358,0.1227405024509804,0.0,0.2454810049019608,1.3410000801086426,0.10699211556812493,0.0,0.0,5.0,0.0,1
359,0.04894301470588235,0.0,0.0978860294117647,1.3850001096725464,0.09942680674439673,0.0,0.0,5.0,0.0,1
360,0.10619638480392157,0.0,0.21239276960784315,1.058000087738037,0.17147231061291002,0.0,0.0,5.0,0.0,1
361,0.06112132352941176,0.0,0.12224264705882353,2.5990002155303955,0.013145615133567205,0.0,0.0,5.0,0.0,0
362,0.03622855392156863,0.0,0.07245710784313726,1.5250000953674316,0.07873505275226124,0.0,0.0,5.0,0.0,1
363,0.034926470588235295,0.0,0.06985294117647059,1.65500009059906,0.06339733302143184,0.0,0.0,5.0,0.0,1
364,0.04526654411764706,0.0,0.09053308823529412,0.8700000643730164,0.23457026292713734,0.0,0.0,5.0,0.0,1
365,0.06640625,0.0,0.1328125,1.0390000343322754,0.17698917191747002,0.0,0.0,5.0,0.0,1
366,0.09869025735294118,0.0,0.19738051470588236,0.800000011920929,0.2635971328785222,0.0,0.0,5.0,0.0,1
367,0.0292202818627451,0.0,0.0584405637254902,1.971000075340271,0.03744058039210123,0.0,0.0,5.0,0.0,0
368,0.009037990196078432,0.0,0.018075980392156864,2.258000135421753,0.023206251879767336,0.0,0.0,5.0,0.0,0
369,0.05028339460784314,0.0,0.10056678921568628,1.9140000343322754,0.04117186858319445,0.0,0.0,5.0,0.0,0
370,0.06801470588235294,0.0,0.13602941176470587,1.8370001316070557,0.04680960387946567,0.0,0.0,5.0,0.0,0
371,0.05755974264705882,0.0,0.11511948529411764,0.8470000624656677,0.24373669120581096,0.0,0.0,5.0,0.0,1
372,0.07712928921568628,0.0,0.15425857843137256,1.9320000410079956,0.03995505552985923,0.0,0.0,5.0,0.0,0
373,0.005706188725490196,0.0,0.011412377450980392,1.477000117301941,0.0852926613011424,0.0,0.0,5.0,0.0,1
374,0.010991115196078432,0.0,0.021982230392156864,1.0770000219345093,0.16612744627362622,0.0,0.0,5.0,0.0,1
375,0.05269607843137255,0.0,0.1053921568627451,1.0830000638961792,0.16447443906167356,0.0,0.0,5.0,0.0,1
376,0.03201593137254902,0.0,0.06403186274509803,0.7160000205039978,0.3032088710666133,0.0,0.0,5.0,0.0,1
377,0.13388480392156862,0.0,0.26776960784313725,0.7270000576972961,0.2977006692695235,0.0,0.0,5.0,0.0,1
378,0.006280637254901961,0.0,0.012561274509803922,1.496000051498413,0.08263405302694583,0.0,0.0,5.0,0.0,1
379,0.06751685049019608,0.0,0.13503370098039216,0.8860000371932983,0.22839773258048368,0.0,0.0,5.0,0.0,1
380,0.030713848039215685,0.0,0.06142769607843137,1.5780000686645508,0.07207845399004119,0.0,0.0,5.0,0.0,1
381,0.05261948529411765,0.0,0.1052389705882353,1.724000096321106,0.05651023573036732,0.0,0.0,5.0,0.0,1
382,0.023322610294117647,0.0,0.046645220588235295,1.8700001239776611,0.0443045954168621,0.0,0.0,5.0,0.0,0
383,0.030177696078431373,0.0,0.060355392156862746,1.7700001001358032,0.0523396972133023,0.0,0.0,5.0,0.0,1
384,0.028684129901960783,0.0,0.057368259803921566,2.129000186920166,0.028772545007553114,0.0,0.0,5.0,0.0,0
385,0.19638480392156862,1.0,0.39276960784313725,0.7920000553131104,0.2671352773390441,0.0,0.0,5.0,0.0,1
386,0.06295955882352941,0.0,0.12591911764705882,0.8880000710487366,0.22763766142819739,0.0,0.0,5.0,0.0,1
387,0.01685049019607843,0.0,0.03370098039215686,2.43500018119812,0.01727778623298639,0.0,0.0,5.0,0.0,0
388,0.008118872549019608,0.0,0.016237745098039217,2.325000047683716,0.02075433622429322,0.0,0.0,5.0,0.0,0
389,0.05193014705882353,0.0,0.10386029411764706,2.3831000328063965,0.018838862509490347,0.0,0.0,5.0,0.0,0
390,0.08291207107843138,0.0,0.16582414215686275,1.6540000438690186,0.06350308828976013,0.0,0.0,5.0,0.0,1
391,0.059857536764705885,0.0,0.11971507352941177,1.7030000686645508,0.05852311656886069,0.0,0.0,5.0,0.0,1
392,0.04090073529411765,0.0,0.0818014705882353,1.252000093460083,0.12410009485439494,0.0,0.0,5.0,0.0,1
393,0.0450750612745098,0.0,0.0901501225490196,1.40500009059906,0.09616721135976668,0.0,0.0,5.0,0.0,1
394,0.016927083333333332,0.0,0.033854166666666664,2.308000087738037,0.021350784123268973,0.0,0.0,5.0,0.0,0
395,0.02466299019607843,0.0,0.04932598039215686,1.940000057220459,0.039425856219064644,0.0,0.0,5.0,0.0,0
396,0.03952205882352941,0.0,0.07904411764705882,2.04610013961792,0.03303568628074712,0.0,0.0,5.0,0.0,0
397,0.11439185049019608,0.0,0.22878370098039216,1.6541000604629517,0.06349250356766624,0.0,0.0,5.0,0.0,1
398,0.027611825980392156,0.0,0.05522365196078431,1.4300000667572021,0.09224257892126504,0.0,0.0,5.0,0.0,1
399,0.11948529411764706,0.0,0.23897058823529413,1.9880000352859497,0.036394653676605875,0.0,0.0,5.0,0.0,0
400,0.024433210784313725,0.0,0.04886642156862745,1.9750001430511475,0.037191802492728555,0.0,0.0,5.0,0.0,0
401,0.0036381740196078432,0.0,0.0072763480392156864,2.6090002059936523,0.012928337432279184,0.0,0.0,5.0,0.0,0
402,0.15533088235294118,0.0,0.31066176470588236,2.201000213623047,0.02551895704784693,0.0,0.0,5.0,0.0,0
403,0.08930759803921569,0.0,0.17861519607843138,2.4730000495910645,0.01621746146010775,0.0,0.0,5.0,0.0,0
404,0.0641467524509804,0.0,0.1282935049019608,2.0789999961853027,0.031273005625160465,0.0,0.0,5.0,0.0,0
405,0.026003370098039217,0.0,0.052006740196078434,1.9600000381469727,0.038133324122593654,0.0,0.0,5.0,0.0,0
406,0.010723039215686275,0.0,0.02144607843137255,1.6940001249313354,0.05940757463995685,0.0,0.0,5.0,0.0,1
407,0.014399509803921568,0.0,0.028799019607843136,2.688000202178955,0.011333409335705313,0.0,0.0,5.0,0.0,0
408,0.05847886029411765,0.0,0.1169577205882353,2.939000129699707,0.007459002778549617,0.0,0.0,5.0,0.0,0
409,0.03167126225490196,0.0,0.06334252450980392,1.7330000400543213,0.05566891314828612,0.0,0.0,5.0,0.0,1
410,0.020412071078431373,0.0,0.040824142156862746,1.940000057220459,0.039425856219064644,0.0,0.0,5.0,0.0,0
411,0.0489813112745098,0.0,0.0979626225490196,1.4490001201629639,0.08936732102401446,0.0,0.0,5.0,0.0,1
412,0.06533394607843138,0.0,0.13066789215686275,2.692000150680542,0.011258105534556,0.0,0.0,5.0,0.0,0
413,0.018152573529411766,0.0,0.03630514705882353,1.8050000667572021,0.04937389456367203,0.0,0.0,5.0,0.0,0
414,0.0214077818627451,0.0,0.0428155637254902,2.1750001907348633,0.026649088864836933,0.0,0.0,5.0,0.0,0
415,0.03963694852941176,0.0,0.07927389705882353,2.6700000762939453,0.01167856548538895,0.0,0.0,5.0,0.0,0
416,0.029564950980392156,0.0,0.05912990196078431,2.2730000019073486,0.02263329251581359,0.0,0.0,5.0,0.0,0
417,0.02856924019607843,0.0,0.05713848039215686,1.5450000762939453,0.07615381311515163,0.0,0.0,5.0,0.0,1
418,0.013556985294117647,0.0,0.027113970588235295,2.2950000762939453,0.021818432756685394,0.0,0.0,5.0,0.0,0
419,0.015893075980392156,0.0,0.03178615196078431,2.871000051498413,0.00835412303090273,0.0,0.0,5.0,0.0,0
420,0.107421875,0.0,0.21484375,2.378000020980835,0.018999675701539445,0.0,0.0,5.0,0.0,0
421,0.11745557598039216,0.0,0.23491115196078433,1.1759999990463257,0.1408584211449334,0.0,0.0,5.0,0.0,1
422,0.0901501225490196,0.0,0.1803002450980392,1.9590001106262207,0.03819692804104296,0.0,0.0,5.0,0.0,0
423,0.09815410539215687,0.0,0.19630821078431374,1.343000054359436,0.10663607349996844,0.0,0.0,5.0,0.0,1
424,0.08099724264705882,0.0,0.16199448529411764,2.0360000133514404,0.03359650095815993,0.0,0.0,5.0,0.0,0
425,0.10137101715686274,0.0,0.20274203431372548,1.873000144958496,0.044083623783841966,0.0,0.0,5.0,0.0,0
426,0.03473498774509804,0.0,0.06946997549019608,1.871000051498413,0.04423082126751702,0.0,0.0,5.0,0.0,0
427,0.06594669117647059,0.0,0.13189338235294118,2.9080002307891846,0.007854512659178322,0.0,0.0,5.0,0.0,0
428,0.014935661764705883,0.0,0.029871323529411766,2.064000129699707,0.03206467839656102,0.0,0.0,5.0,0.0,0
429,0.029833026960784315,0.0,0.05966605392156863,2.6370999813079834,0.012336824401073646,0.0,0.0,5.0,0.0,0
430,0.04607077205882353,0.0,0.09214154411764706,1.9450000524520874,0.03909867288656921,0.0,0.0,5.0,0.0,0
431,0.014169730392156863,0.0,0.028339460784313725,1.9140000343322754,0.04117186858319445,0.0,0.0,5.0,0.0,0
432,0.013097426470588236,0.0,0.02619485294117647,1.8000000715255737,0.04978706243278325,0.0,0.0,5.0,0.0,0
433,0.06012561274509804,0.0,0.12025122549019608,1.3640000820159912,0.10296836539375889,0.0,0.0,5.0,0.0,1
434,0.006969975490196079,0.0,0.013939950980392158,2.1640000343322754,0.027142168591314953,0.0,0.0,5.0,0.0,0
435,0.04599417892156863,0.0,0.09198835784313726,0.8020000457763672,0.26271992374749137,0.0,0.0,5.0,0.0,1
436,0.0331265318627451,0.0,0.0662530637254902,2.014000177383423,0.03485122602609133,0.0,0.0,5.0,0.0,0
437,0.08168658088235294,0.0,0.16337316176470587,1.9760000705718994,0.03712987226707826,0.0,0.0,5.0,0.0,0
438,0.04545802696078431,0.0,0.09091605392156862,1.253000020980835,0.12389344859466986,0.0,0.0,5.0,0.0,1
439,0.004978553921568627,0.0,0.009957107843137254,2.265000104904175,0.022937086631601666,0.0,0.0,5.0,0.0,0
440,0.051470588235294115,0.0,0.10294117647058823,1.9570001363754272,0.0383244619309415,0.0,0.0,5.0,0.0,0
441,0.06904871323529412,0.0,0.13809742647058823,1.6640000343322754,0.06245347555516418,0.0,0.0,5.0,0.0,1
442,0.09478400735294118,0.0,0.18956801470588236,1.9860000610351562,0.036516170039123295,0.0,0.0,5.0,0.0,0
443,0.19159773284313725,1.0,0.3831954656862745,0.7620000243186951,0.28083161039594906,0.0,0.0,5.0,0.0,1
444,0.27328431372549017,1.0,0.5465686274509803,1.2720000743865967,0.1200316136302171,0.0,0.0,5.0,0.0,1
445,0.038794424019607844,0.0,0.07758884803921569,1.9130001068115234,0.04124054059729299,0.0,0.0,5.0,0.0,0
446,0.10198376225490197,0.0,0.20396752450980393,2.134000062942505,0.028533775972418057,0.0,0.0,5.0,0.0,0
447,0.027994791666666668,0.0,0.055989583333333336,1.6990001201629639,0.058914569031196636,0.0,0.0,5.0,0.0,1
448,0.05526194852941176,0.0,0.11052389705882353,2.6120002269744873,0.012863856630507578,0.0,0.0,5.0,0.0,0
449,0.1052389705882353,0.0,0.2104779411764706,1.8060001134872437,0.04929166943716844,0.0,0.0,5.0,0.0,0
450,0.060278799019607844,0.0,0.12055759803921569,1.6360000371932983,0.06543704597629948,0.0,0.0,5.0,0.0,1
451,0.08915441176470588,0.0,0.17830882352941177,0.9820000529289246,0.19462770412811012,0.0,0.0,5.0,0.0,1
452,0.052083333333333336,0.0,0.10416666666666667,1.2860000133514404,0.11726331051467351,0.0,0.0,5.0,0.0,1
453,0.028416053921568627,0.0,0.056832107843137254,1.7890000343322754,0.050708246746668,0.0,0.0,5.0,0.0,1
454,0.011259191176470588,0.0,0.022518382352941176,2.4250001907348633,0.01756816213752273,0.0,0.0,5.0,0.0,0
455,0.03427542892156863,0.0,0.06855085784313726,1.2940000295639038,0.1157101738143758,0.0,0.0,5.0,0.0,1
456,0.041628370098039214,0.0,0.08325674019607843,2.119000196456909,0.02925610543999034,0.0,0.0,5.0,0.0,0
457,0.15387561274509803,0.0,0.30775122549019607,1.2290000915527344,0.12894962098214946,0.0,0.0,5.0,0.0,1
458,0.12783394607843138,0.0,0.25566789215686275,1.0080000162124634,0.18637397100344125,0.0,0.0,5.0,0.0,1
459,0.25754442401960786,1.0,0.5150888480392157,0.9650000333786011,0.20022102673609124,0.0,0.0,5.0,0.0,1
460,0.03366268382352941,0.0,0.06732536764705882,2.318000078201294,0.02099788703569527,0.0,0.0,5.0,0.0,0
461,0.06590839460784313,0.0,0.13181678921568626,2.3500001430511475,0.019907337331454028,0.0,0.0,5.0,0.0,0
462,0.05912990196078431,0.0,0.11825980392156862,1.2380000352859497,0.12702982314940403,0.0,0.0,5.0,0.0,1
463,0.12745098039215685,0.0,0.2549019607843137,1.2630000114440918,0.12184567194505858,0.0,0.0,5.0,0.0,1
464,0.11787683823529412,0.0,0.23575367647058823,1.8350000381469727,0.046965903550669416,0.0,0.0,5.0,0.0,0
465,0.05185355392156863,0.0,0.10370710784313726,2.7140002250671387,0.010852783279399416,0.0,0.0,5.0,0.0,0
466,0.15916053921568626,0.0,0.31832107843137253,1.343000054359436,0.10663607349996844,0.0,0.0,5.0,0.0,1
467,0.06196384803921569,0.0,0.12392769607843138,1.5811001062393188,0.07170700454622415,0.0,0.0,5.0,0.0,1
468,0.054878982843137254,0.0,0.10975796568627451,1.88100004196167,0.043499750787098994,0.0,0.0,5.0,0.0,0
469,0.023131127450980393,0.0,0.046262254901960786,2.745000123977661,0.010306297048416182,0.0,0.0,5.0,0.0,0
470,0.015510110294117647,0.0,0.031020220588235295,1.1460000276565552,0.14808037976980695,0.0,0.0,5.0,0.0,1
471,0.15923713235294118,0.0,0.31847426470588236,1.6990001201629639,0.058914569031196636,0.0,0.0,5.0,0.0,1
472,0.022594975490196078,0.0,0.045189950980392156,1.9230000972747803,0.040558895062275446,0.0,0.0,5.0,0.0,0
473,0.02607996323529412,0.0,0.05215992647058824,1.63100004196167,0.06598463261263611,0.0,0.0,5.0,0.0,1
474,0.0801547181372549,0.0,0.1603094362745098,1.4300000667572021,0.09224257892126504,0.0,0.0,5.0,0.0,1
475,0.007506127450980392,0.0,0.015012254901960785,2.3340001106262207,0.02044534226828573,0.0,0.0,5.0,0.0,0
476,0.02270986519607843,0.0,0.04541973039215686,2.2060000896453857,0.025307187920355165,0.0,0.0,5.0,0.0,0
477,0.06089154411764706,0.0,0.12178308823529412,1.6530001163482666,0.0636090073341077,0.0,0.0,5.0,0.0,1
478,0.17371323529411764,1.0,0.3474264705882353,2.1579999923706055,0.02741495383797967,0.0,0.0,5.0,0.0,0
479,0.05778952205882353,0.0,0.11557904411764706,0.9030000567436218,0.22201727283517478,0.0,0.0,5.0,0.0,1
480,0.10332414215686274,0.0,0.20664828431372548,2.0370001792907715,0.033540544149630404,0.0,0.0,5.0,0.0,0
481,0.029181985294117647,0.0,0.058363970588235295,1.662000060081482,0.06266199846744329,0.0,0.0,5.0,0.0,1
482,0.03940716911764706,0.0,0.07881433823529412,1.1540000438690186,0.14611907515197656,0.0,0.0,5.0,0.0,1
483,0.016467524509803922,0.0,0.032935049019607844,1.812000036239624,0.04880121541445003,0.0,0.0,5.0,0.0,0
484,0.019301470588235295,0.0,0.03860294117647059,1.6160000562667847,0.06765503992696328,0.0,0.0,5.0,0.0,1
485,0.05935968137254902,0.0,0.11871936274509803,0.7550000548362732,0.28412715142603107,0.0,0.0,5.0,0.0,1
486,0.016965379901960783,0.0,0.033930759803921566,2.3610000610351562,0.019545697339183488,0.0,0.0,5.0,0.0,0
487,0.011948529411764705,0.0,0.02389705882352941,2.0250000953674316,0.03421811287284302,0.0,0.0,5.0,0.0,0
488,0.10451133578431372,0.0,0.20902267156862744,1.5700000524520874,0.07304593756129776,0.0,0.0,5.0,0.0,1
489,0.03174785539215686,0.0,0.06349571078431372,2.0210001468658447,0.034446992763831126,0.0,0.0,5.0,0.0,0
490,0.006510416666666667,0.0,0.013020833333333334,1.3970000743865967,0.09745802979348321,0.0,0.0,5.0,0.0,1
491,0.009650735294117647,0.0,0.019301470588235295,2.318000078201294,0.02099788703569527,0.0,0.0,5.0,0.0,0
492,0.0390625,0.0,0.078125,1.6820000410079956,0.06060769573275666,0.0,0.0,5.0,0.0,1
493,0.013059129901960785,0.0,0.02611825980392157,2.134999990463257,0.028486262728472097,0.0,0.0,5.0,0.0,0
494,0.03262867647058824,0.0,0.06525735294117647,1.8240001201629639,0.04783487991422917,0.0,0.0,5.0,0.0,0
495,0.013556985294117647,0.0,0.027113970588235295,1.6840001344680786,0.06040599700667495,0.0,0.0,5.0,0.0,1
496,0.05958946078431373,0.0,0.11917892156862746,1.4971001148223877,0.0824826873441334,0.0,0.0,5.0,0.0,1
497,0.05970435049019608,0.0,0.11940870098039216,1.5440000295639038,0.076280847905992,0.0,0.0,5.0,0.0,1
498,0.01014859068627451,0.0,0.02029718137254902,1.936000108718872,0.039689569934285136,0.0,0.0,5.0,0.0,0
499,0.018229166666666668,0.0,0.036458333333333336,1.5420000553131104,0.07653553836821335,0.0,0.0,5.0,0.0,1
500,0.013939950980392158,0.0,0.027879901960784315,1.600000023841858,0.0694834484617773,0.0,0.0,5.0,0.0,1
501,0.017693014705882353,0.0,0.035386029411764705,1.7050000429153442,0.05832836678428545,0.0,0.0,5.0,0.0,1
502,0.02339920343137255,0.0,0.0467984068627451,1.496000051498413,0.08263405302694583,0.0,0.0,5.0,0.0,1
503,0.007544424019607843,0.0,0.015088848039215686,2.5920000076293945,0.013299883373327,0.0,0.0,5.0,0.0,0
504,0.06950827205882353,0.0,0.13901654411764705,1.7260000705718994,0.056322184292234595,0.0,0.0,5.0,0.0,1
505,0.002029718137254902,0.0,0.004059436274509804,1.8720000982284546,0.044157161190542756,0.0,0.0,5.0,0.0,0
506,0.04932598039215686,0.0,0.09865196078431372,2.905100107192993,0.007892569655911858,0.0,0.0,5.0,0.0,0
507,0.14479932598039216,0.0,0.2895986519607843,1.4900001287460327,0.08346452832098106,0.0,0.0,5.0,0.0,1
508,0.07104013480392157,0.0,0.14208026960784315,1.1140000820159912,0.15619238359512388,0.0,0.0,5.0,0.0,1
509,0.014629289215686275,0.0,0.02925857843137255,1.5390000343322754,0.07691917704048376,0.0,0.0,5.0,0.0,1
510,0.10098805147058823,0.0,0.20197610294117646,1.0480000972747803,0.17435412814588191,0.0,0.0,5.0,0.0,1
511,0.08295036764705882,0.0,0.16590073529411764,1.0250000953674316,0.1811674581511279,0.0,0.0,5.0,0.0,1
512,0.012637867647058824,0.0,0.025275735294117647,2.063000202178955,0.03211816020641535,0.0,0.0,5.0,0.0,0
513,0.037109375,0.0,0.07421875,1.436000108718872,0.09132474353869482,0.0,0.0,5.0,0.0,1
514,0.06973805147058823,0.0,0.13947610294117646,1.7120001316070557,0.057651814826850105,0.0,0.0,5.0,0.0,1
515,0.010416666666666666,0.0,0.020833333333333332,2.2910001277923584,0.02196437302315884,0.0,0.0,5.0,0.0,0
516,0.05618106617647059,0.0,0.11236213235294118,2.318000078201294,0.02099788703569527,0.0,0.0,5.0,0.0,0
517,0.0057444852941176475,0.0,0.011488970588235295,2.365000009536743,0.019415827741946085,0.0,0.0,5.0,0.0,0
518,0.006012561274509804,0.0,0.012025122549019608,2.4150002002716064,0.01786341819075395,0.0,0.0,5.0,0.0,0
519,0.023590686274509803,0.0,0.04718137254901961,2.200000047683716,0.025561531175059337,0.0,0.0,5.0,0.0,0
520,0.028339460784313725,0.0,0.05667892156862745,1.465000033378601,0.08701569952495307,0.0,0.0,5.0,0.0,1
521,0.0625765931372549,0.0,0.1251531862745098,0.9410000443458557,0.20839219803763542,0.0,0.0,5.0,0.0,1
522,0.040287990196078434,0.0,0.08057598039215687,1.5040000677108765,0.081539576162126,0.0,0.0,5.0,0.0,1
523,0.12162990196078431,0.0,0.24325980392156862,2.0160000324249268,0.034735257067591556,0.0,0.0,5.0,0.0,0
524,0.06219362745098039,0.0,0.12438725490196079,1.9450000524520874,0.03909867288656921,0.0,0.0,5.0,0.0,0
525,0.11006433823529412,0.0,0.22012867647058823,1.252000093460083,0.12410009485439494,0.0,0.0,5.0,0.0,1
526,0.0762484681372549,0.0,0.1524969362745098,1.8450000286102295,0.04618962617918705,0.0,0.0,5.0,0.0,0
527,0.034505208333333336,0.0,0.06901041666666667,2.5241000652313232,0.014893454735301391,0.0,0.0,5.0,0.0,0
528,0.04051776960784314,0.0,0.08103553921568628,1.9340001344680786,0.039822087534566515,0.0,0.0,5.0,0.0,0
529,0.044309129901960786,0.0,0.08861825980392157,1.1410000324249268,0.14931953773997217,0.0,0.0,5.0,0.0,1
530,0.010454963235294117,0.0,0.020909926470588234,2.2039999961853027,0.025391689920441038,0.0,0.0,5.0,0.0,0
531,0.11469822303921569,0.0,0.22939644607843138,1.3790000677108765,0.10042606978823225,0.0,0.0,5.0,0.0,1
532,0.024739583333333332,0.0,0.049479166666666664,1.7340000867843628,0.055576204572906636,0.0,0.0,5.0,0.0,1
533,0.0023360906862745097,0.0,0.0046721813725490195,1.8990000486373901,0.042214138392130465,0.0,0.0,5.0,0.0,0
534,0.04001991421568627,0.0,0.08003982843137254,2.264000177383423,0.02297534420869856,0.0,0.0,5.0,0.0,0
535,0.021369485294117647,0.0,0.042738970588235295,2.2180001735687256,0.024806068554976433,0.0,0.0,5.0,0.0,0
536,0.018497242647058824,0.0,0.03699448529411765,2.19100022315979,0.025947836658676088,0.0,0.0,5.0,0.0,0
537,0.026807598039215685,0.0,0.05361519607843137,2.1090002059936523,0.02974779274100167,0.0,0.0,5.0,0.0,0
538,0.06433823529411764,0.0,0.12867647058823528,2.4730000495910645,0.01621746146010775,0.0,0.0,5.0,0.0,0
539,0.0,0.0,0.0,1.66100013256073,0.06276651462836282,0.0,0.0,5.0,0.0,1
540,0.0839077818627451,0.0,0.1678155637254902,1.3970000743865967,0.09745802979348321,0.0,0.0,5.0,0.0,1
541,0.03787530637254902,0.0,0.07575061274509803,1.3020000457763672,0.11417760819977596,0.0,0.0,5.0,0.0,1
542,0.01876531862745098,0.0,0.03753063725490196,1.4550000429153442,0.0884781127136393,0.0,0.0,5.0,0.0,1
543,0.03630514705882353,0.0,0.07261029411764706,1.630000114440918,0.06609469071242592,0.0,0.0,5.0,0.0,1
544,0.024433210784313725,0.0,0.04886642156862745,1.6070001125335693,0.06867750847652061,0.0,0.0,5.0,0.0,1
545,0.0,0.0,0.0,1.8330000638961792,0.04712271575205849,0.0,0.0,5.0,0.0,0
546,0.0057444852941176475,0.0,0.011488970588235295,2.003000020980835,0.03549606732192429,0.0,0.0,5.0,0.0,0
547,0.06464460784313726,0.0,0.12928921568627452,3.4260001182556152,0.003312671891996406,0.0,0.0,5.0,0.0,0
548,0.021599264705882353,0.0,0.043198529411764705,1.3470001220703125,0.10592751882253429,0.0,0.0,5.0,0.0,1
549,0.044921875,0.0,0.08984375,0.9411000609397888,0.20835746313635473,0.0,0.0,5.0,0.0,1
550,0.02270986519607843,0.0,0.04541973039215686,2.366000175476074,0.01938348961968891,0.0,0.0,5.0,0.0,0
551,0.05828737745098039,0.0,0.11657475490196079,2.2290000915527344,0.024355437398678598,0.0,0.0,5.0,0.0,0
552,0.10868566176470588,0.0,0.21737132352941177,1.9140000343322754,0.04117186858319445,0.0,0.0,5.0,0.0,0
553,0.02891390931372549,0.0,0.05782781862745098,3.248000144958496,0.00445675848210125,0.0,0.0,5.0,0.0,0
554,0.10619638480392157,0.0,0.21239276960784315,2.5950000286102295,0.013233549465516104,0.0,0.0,5.0,0.0,0
555,0.02022058823529412,0.0,0.04044117647058824,1.309000015258789,0.11285328213431384,0.0,0.0,5.0,0.0,1
556,0.06338082107843138,0.0,0.12676164215686275,1.4600000381469727,0.0877438594456898,0.0,0.0,5.0,0.0,1
557,0.02581188725490196,0.0,0.05162377450980392,1.2350000143051147,0.1276665672519583,0.0,0.0,5.0,0.0,1
558,0.05323223039215686,0.0,0.10646446078431372,1.2930001020431519,0.11590317090100229,0.0,0.0,5.0,0.0,1
559,0.05855545343137255,0.0,0.1171109068627451,2.618100166320801,0.012733737939344712,0.0,0.0,5.0,0.0,0
560,0.0817248774509804,0.0,0.1634497549019608,1.8910000324249268,0.04278076382744822,0.0,0.0,5.0,0.0,0
561,0.06207873774509804,0.0,0.12415747549019608,1.6250001192092896,0.06664778061474266,0.0,0.0,5.0,0.0,1
562,0.07284007352941177,0.0,0.14568014705882354,2.7310001850128174,0.010549603792048308,0.0,0.0,5.0,0.0,0
563,0.0916436887254902,0.0,0.1832873774509804,1.883000135421753,0.043354986261529234,0.0,0.0,5.0,0.0,0
564,0.1488970588235294,0.0,0.2977941176470588,1.402000069618225,0.09664925489233464,0.0,0.0,5.0,0.0,1
565,0.054955575980392156,0.0,0.10991115196078431,1.6920000314712524,0.05960593958248332,0.0,0.0,5.0,0.0,1
566,0.05625765931372549,0.0,0.11251531862745098,0.7430000305175781,0.28986691237146334,0.0,0.0,5.0,0.0,1
567,0.02106311274509804,0.0,0.04212622549019608,2.1490001678466797,0.027829269667817173,0.0,0.0,5.0,0.0,0
568,0.03125,0.0,0.0625,2.3010001182556152,0.021601334212710294,0.0,0.0,5.0,0.0,0
569,0.03607536764705882,0.0,0.07215073529411764,2.6750001907348633,0.011581646279004057,0.0,0.0,5.0,0.0,0
570,0.06253829656862746,0.0,0.12507659313725492,1.5170000791549683,0.07979188549218595,0.0,0.0,5.0,0.0,1
571,0.11017922794117647,0.0,0.22035845588235295,0.906000018119812,0.22090997128796616,0.0,0.0,5.0,0.0,1
572,0.03749234068627451,0.0,0.07498468137254902,1.9320000410079956,0.03995505552985923,0.0,0.0,5.0,0.0,0
573,0.041015625,0.0,0.08203125,1.6910001039505005,0.05970535843482649,0.0,0.0,5.0,0.0,1
574,0.0314031862745098,0.0,0.0628063725490196,2.0510001182556152,0.03276699466497136,0.0,0.0,5.0,0.0,0
575,0.10627297794117647,0.0,0.21254595588235295,1.502000093460083,0.08181182473974614,0.0,0.0,5.0,0.0,1
576,0.04373468137254902,0.0,0.08746936274509803,2.624000072479248,0.012609138449584521,0.0,0.0,5.0,0.0,0
577,0.09558823529411764,0.0,0.19117647058823528,1.8070000410079956,0.04920959102186386,0.0,0.0,5.0,0.0,0
578,0.10347732843137254,0.0,0.20695465686274508,1.318000078201294,0.11117310399138221,0.0,0.0,5.0,0.0,1
579,0.04250919117647059,0.0,0.08501838235294118,1.4160000085830688,0.09442022184561022,0.0,0.0,5.0,0.0,1
580,0.04591758578431373,0.0,0.09183517156862746,2.1100001335144043,0.029698257967380282,0.0,0.0,5.0,0.0,0
581,0.06108302696078431,0.0,0.12216605392156862,1.1490000486373901,0.1473418206422921,0.0,0.0,5.0,0.0,1
582,0.009037990196078432,0.0,0.018075980392156864,1.9590001106262207,0.03819692804104296,0.0,0.0,5.0,0.0,0
583,0.05801930147058824,0.0,0.11603860294117647,2.8171000480651855,0.009139343284804473,0.0,0.0,5.0,0.0,0
584,0.06096813725490196,0.0,0.12193627450980392,1.3140000104904175,0.11191674666057318,0.0,0.0,5.0,0.0,1
585,0.06169577205882353,0.0,0.12339154411764706,2.380000114440918,0.018936445936100683,0.0,0.0,5.0,0.0,0
586,0.13959099264705882,0.0,0.27918198529411764,2.3460001945495605,0.02004049456356728,0.0,0.0,5.0,0.0,0
587,0.04928768382352941,0.0,0.09857536764705882,1.1200000047683716,0.1546382633203003,0.0,0.0,5.0,0.0,1
588,0.035386029411764705,0.0,0.07077205882352941,1.8750001192092896,0.043936924893923875,0.0,0.0,5.0,0.0,0
589,0.006893382352941176,0.0,0.013786764705882353,1.8990000486373901,0.042214138392130465,0.0,0.0,5.0,0.0,0
590,0.02079503676470588,0.0,0.04159007352941176,1.3260000944137573,0.10970063125342874,0.0,0.0,5.0,0.0,1
591,0.018075980392156864,0.0,0.03615196078431373,1.814000129699707,0.048638807936961785,0.0,0.0,5.0,0.0,0
592,0.14146752450980393,0.0,0.28293504901960786,1.1631001234054565,0.14391963784939268,0.0,0.0,5.0,0.0,1
593,0.02225030637254902,0.0,0.04450061274509804,2.502000093460083,0.015452257716960504,0.0,0.0,5.0,0.0,0
594,0.10462622549019608,0.0,0.20925245098039216,2.1610000133514404,0.027278220231414685,0.0,0.0,5.0,0.0,0
595,0.02339920343137255,0.0,0.0467984068627451,1.912000060081482,0.04130933535929654,0.0,0.0,5.0,0.0,0
596,0.10248161764705882,0.0,0.20496323529411764,2.8620002269744873,0.00848037695190397,0.0,0.0,5.0,0.0,0
597,0.04599417892156863,0.0,0.09198835784313726,1.4510000944137573,0.08906992971032708,0.0,0.0,5.0,0.0,1
598,0.08095894607843138,0.0,0.16191789215686275,1.0700000524520874,0.1680769412562088,0.0,0.0,5.0,0.0,1
599,0.10619638480392157,0.0,0.21239276960784315,2.073000192642212,0.03158729421434544,0.0,0.0,5.0,0.0,0
600,0.14100796568627452,0.0,0.28201593137254904,2.31000018119812,0.021279730011964402,0.0,0.0,5.0,0.0,0
601,0.2164905024509804,1.0,0.4329810049019608,1.2070000171661377,0.13376554237599889,0.0,0.0,5.0,0.0,1
602,0.10014552696078431,0.0,0.20029105392156862,0.9670000672340393,0.1995547231577507,0.0,0.0,5.0,0.0,1
603,0.0681295955882353,0.0,0.1362591911764706,1.4901001453399658,0.08345061641746945,0.0,0.0,5.0,0.0,1
604,0.052045036764705885,0.0,0.10409007352941177,1.2010000944137573,0.13510989103211846,0.0,0.0,5.0,0.0,1
605,0.08425245098039216,0.0,0.16850490196078433,1.0630000829696655,0.17004931343802823,0.0,0.0,5.0,0.0,1
606,0.01639093137254902,0.0,0.03278186274509804,2.0280001163482666,0.03404744813232941,0.0,0.0,5.0,0.0,0
607,0.015012254901960785,0.0,0.03002450980392157,1.63100004196167,0.06598463261263611,0.0,0.0,5.0,0.0,1
608,0.053002450980392156,0.0,0.10600490196078431,2.0510001182556152,0.03276699466497136,0.0,0.0,5.0,0.0,0
609,0.07291666666666667,0.0,0.14583333333333334,1.2060000896453857,0.1339886546496957,0.0,0.0,5.0,0.0,1
610,0.03714767156862745,0.0,0.0742953431372549,2.6540000438690186,0.011994184082775361,0.0,0.0,5.0,0.0,0
611,0.05575980392156863,0.0,0.11151960784313726,2.0340001583099365,0.03370866800554273,0.0,0.0,5.0,0.0,0
612,0.06104473039215686,0.0,0.12208946078431372,2.5920000076293945,0.013299883373327,0.0,0.0,5.0,0.0,0
613,0.05897671568627451,0.0,0.11795343137254902,1.9140000343322754,0.04117186858319445,0.0,0.0,5.0,0.0,0
614,0.04266237745098039,0.0,0.08532475490196079,2.0900001525878906,0.03070488281625809,0.0,0.0,5.0,0.0,0
615,0.04113051470588235,0.0,0.0822610294117647,2.087100028991699,0.03085365533414008,0.0,0.0,5.0,0.0,0
616,0.08325674019607843,0.0,0.16651348039215685,2.0420000553131104,0.033262207861950284,0.0,0.0,5.0,0.0,0
617,0.06747855392156862,0.0,0.13495710784313725,2.689000129699707,0.01131453741903269,0.0,0.0,5.0,0.0,0
618,0.046262254901960786,0.0,0.09252450980392157,2.451000213623047,0.01682313332628066,0.0,0.0,5.0,0.0,0
619,0.05951286764705882,0.0,0.11902573529411764,1.9760000705718994,0.03712987226707826,0.0,0.0,5.0,0.0,0
620,0.028224571078431373,0.0,0.056449142156862746,2.5200002193450928,0.014995571338468384,0.0,0.0,5.0,0.0,0
621,0.12955729166666666,0.0,0.2591145833333333,1.2110000848770142,0.1328767230710565,0.0,0.0,5.0,0.0,1
622,0.13564644607843138,0.0,0.27129289215686275,0.9950000643730164,0.19045612219665362,0.0,0.0,5.0,0.0,1
623,0.0646829044117647,0.0,0.1293658088235294,1.3070000410079956,0.11323008254200478,0.0,0.0,5.0,0.0,1
624,0.0916436887254902,0.0,0.1832873774509804,1.5780000686645508,0.07207845399004119,0.0,0.0,5.0,0.0,1
625,0.015931372549019607,0.0,0.031862745098039214,1.1660000085830688,0.14322573203187053,0.0,0.0,5.0,0.0,1
626,0.03806678921568627,0.0,0.07613357843137254,1.0080000162124634,0.18637397100344125,0.0,0.0,5.0,0.0,1
627,0.00505514705882353,0.0,0.01011029411764706,1.13100004196167,0.15182904881109616,0.0,0.0,5.0,0.0,1
628,0.014590992647058824,0.0,0.029181985294117647,1.5800000429153442,0.07183859555101632,0.0,0.0,5.0,0.0,1
629,0.11596200980392157,0.0,0.23192401960784315,2.199000120162964,0.025604166155924656,0.0,0.0,5.0,0.0,0
630,0.08256740196078431,0.0,0.16513480392156862,1.9470001459121704,0.038968554880640084,0.0,0.0,5.0,0.0,0
631,0.0920266544117647,0.0,0.1840533088235294,1.125100016593933,0.15332940557303618,0.0,0.0,5.0,0.0,1
632,0.04001991421568627,0.0,0.08003982843137254,2.007000207901001,0.03526020293989286,0.0,0.0,5.0,0.0,0
633,0.021254595588235295,0.0,0.04250919117647059,1.7030000686645508,0.05852311656886069,0.0,0.0,5.0,0.0,1
634,0.04067095588235294,0.0,0.08134191176470588,1.4820001125335693,0.08458484313717268,0.0,0.0,5.0,0.0,1
635,0.022594975490196078,0.0,0.045189950980392156,2.4670000076293945,0.016380450803047977,0.0,0.0,5.0,0.0,0
636,0.15134803921568626,0.0,0.30269607843137253,2.249000072479248,0.023556971935139483,0.0,0.0,5.0,0.0,0
637,0.05357689950980392,0.0,0.10715379901960784,2.0830001831054688,0.03106520265704157,0.0,0.0,5.0,0.0,0
638,0.011871936274509803,0.0,0.023743872549019607,1.1690000295639038,0.14251138572987176,0.0,0.0,5.0,0.0,1
639,0.010876225490196078,0.0,0.021752450980392156,1.2970000505447388,0.11513306288887855,0.0,0.0,5.0,0.0,1
640,0.025122549019607844,0.0,0.05024509803921569,1.378000020980835,0.10059359396395776,0.0,0.0,5.0,0.0,1
641,0.0,0.0,0.0,2.188000202178955,0.02607790164307761,0.0,0.0,5.0,0.0,0
642,0.061772365196078434,0.0,0.12354473039215687,1.2380000352859497,0.12702982314940403,0.0,0.0,5.0,0.0,1
643,0.0001914828431372549,0.0,0.0003829656862745098,0.7250000238418579,0.298694677419618,0.0,0.0,5.0,0.0,1
644,0.041704963235294115,0.0,0.08340992647058823,1.1880000829696655,0.13806921821829674,0.0,0.0,5.0,0.0,1
645,0.05916819852941176,0.0,0.11833639705882353,0.8500000238418579,0.2425210649987272,0.0,0.0,5.0,0.0,1
646,0.038411458333333336,0.0,0.07682291666666667,2.2220001220703125,0.024641246902600795,0.0,0.0,5.0,0.0,0
647,0.024777879901960783,0.0,0.049555759803921566,1.0,0.18887560283756183,0.0,0.0,5.0,0.0,1
648,0.04442401960784314,0.0,0.08884803921568628,2.4020001888275146,0.018254682654710926,0.0,0.0,5.0,0.0,0
649,0.12044270833333333,0.0,0.24088541666666666,1.2060000896453857,0.1339886546496957,0.0,0.0,5.0,0.0,1
650,0.18956801470588236,1.0,0.3791360294117647,2.1560001373291016,0.027506482846609816,0.0,0.0,5.0,0.0,0
651,0.020565257352941176,0.0,0.04113051470588235,1.071000099182129,0.1677970332627386,0.0,0.0,5.0,0.0,1
652,0.03768382352941176,0.0,0.07536764705882353,0.9260000586509705,0.2136676665530746,0.0,0.0,5.0,0.0,1
653,0.05066636029411765,0.0,0.1013327205882353,1.3440001010894775,0.10645848644286332,0.0,0.0,5.0,0.0,1
